,DOI,Title,Source title,PubYear,Times cited,pharmaceuticals,pharmaceutical_name,reference_number
0,10.1016/j.envpol.2017.09.029,composted biosolids and treated wastewater as sources of pharmaceuticals and personal care products for plant uptake: a case study with carbamazepine,environmental pollution,2017,78,['carbamazepine'],carbamazepine,0
1,10.1016/j.scitotenv.2018.05.403,"diclofenac, carbamazepine and triclocarban biodegradation in agricultural soils and the microorganisms and metabolic pathways affected",the science of the total environment,2018,64,"['carbamazepine', 'diclofenac', 'triclocarban']",carbamazepine,1
2,10.1016/j.scitotenv.2018.10.224,uptake and accumulation of emerging contaminants in soil and plant treated with wastewater under real-world environmental conditions in the al hayer area (saudi arabia),the science of the total environment,2018,58,"['atenolol', 'caffeine', 'carbamazepine', 'diazinon', 'gemfibrozil', 'ibuprofen', 'naproxen']",carbamazepine,2
3,10.1016/j.scitotenv.2019.02.279,sorption and degradation of contaminants of emerging concern in soils under aerobic and anaerobic conditions,the science of the total environment,2019,53,"['carbamazepine', 'chlorothiazide', 'diclofenac', 'gemfibrozil', 'hydrochlorothiazide', 'ibuprofen', 'nadolol', 'sulfamethizole', 'sulfamethoxazole']",carbamazepine,3
4,10.1016/j.scitotenv.2018.01.168,impacts of irrigation water sources and geochemical conditions on vertical distribution of pharmaceutical and personal care products (ppcps) in the vadose zone soils,the science of the total environment,2018,51,"['caffeine', 'carbamazepine']",carbamazepine,4
5,10.1016/j.scitotenv.2018.10.224,uptake and accumulation of emerging contaminants in soil and plant treated with wastewater under real-world environmental conditions in the al hayer area (saudi arabia),the science of the total environment,2018,58,"['atenolol', 'caffeine', 'carbamazepine', 'diazinon', 'gemfibrozil', 'ibuprofen', 'naproxen']",ibuprofen,2
6,10.1016/j.chemosphere.2017.02.027,sorption and desorption of selected non-steroidal anti-inflammatory drugs in an agricultural loam-textured soil,chemosphere,2017,55,"['diclofenac', 'ibuprofen', 'ketoprofen', 'naproxen']",ibuprofen,5
7,10.1016/j.jpba.2017.08.014,"multi-residue determination of 47 organic compounds in water, soil, sediment and fish—turia river as case study",journal of pharmaceutical and biomedical analysis,2017,53,"['ibuprofen', 'metoprolol', 'paracetamol', 'sulfamethoxazole', 'vildagliptin']",ibuprofen,6
8,10.1016/j.scitotenv.2019.02.279,sorption and degradation of contaminants of emerging concern in soils under aerobic and anaerobic conditions,the science of the total environment,2019,53,"['carbamazepine', 'chlorothiazide', 'diclofenac', 'gemfibrozil', 'hydrochlorothiazide', 'ibuprofen', 'nadolol', 'sulfamethizole', 'sulfamethoxazole']",ibuprofen,3
9,10.1016/j.scitotenv.2017.06.240,fate and impacts of pharmaceuticals and personal care products after repeated applications of organic waste products in long-term field experiments,the science of the total environment,2017,49,"['carbamazepine', 'diclofenac', 'doxycycline', 'ibuprofen', 'triclosan']",ibuprofen,7
10,10.1016/j.envpol.2017.12.085,monitoring the occurrence of pharmaceuticals in soils irrigated with reclaimed wastewater,environmental pollution,2018,108,"['chlorothiazide', 'diclofenac', 'hydrochlorothiazide']",diclofenac,8
11,10.1016/j.scitotenv.2019.135021,"pharmaceuticals, pesticides, personal care products and microplastics contamination assessment of al-hassa irrigation network (saudi arabia) and its shallow lakes",the science of the total environment,2019,75,"['atorvastatin', 'caffeine', 'diazinon', 'diclofenac', 'lorazepam', 'metformin', 'ofloxacin', 'paracetamol', 'salicylic acid', 'tramadol']",diclofenac,9
12,10.1016/j.scitotenv.2018.05.403,"diclofenac, carbamazepine and triclocarban biodegradation in agricultural soils and the microorganisms and metabolic pathways affected",the science of the total environment,2018,64,"['carbamazepine', 'diclofenac', 'triclocarban']",diclofenac,1
13,10.1016/j.chemosphere.2017.02.027,sorption and desorption of selected non-steroidal anti-inflammatory drugs in an agricultural loam-textured soil,chemosphere,2017,55,"['diclofenac', 'ibuprofen', 'ketoprofen', 'naproxen']",diclofenac,5
14,10.1016/j.scitotenv.2019.02.279,sorption and degradation of contaminants of emerging concern in soils under aerobic and anaerobic conditions,the science of the total environment,2019,53,"['carbamazepine', 'chlorothiazide', 'diclofenac', 'gemfibrozil', 'hydrochlorothiazide', 'ibuprofen', 'nadolol', 'sulfamethizole', 'sulfamethoxazole']",diclofenac,3
15,10.1016/j.biortech.2019.02.091,enhanced adsorption of bisphenol a and sulfamethoxazole by a novel magnetic cuznfe2o4–biochar composite,bioresource technology,2019,127,['sulfamethoxazole'],sulfamethoxazole,10
16,10.1016/j.scitotenv.2019.02.279,sorption and degradation of contaminants of emerging concern in soils under aerobic and anaerobic conditions,the science of the total environment,2019,53,"['carbamazepine', 'chlorothiazide', 'diclofenac', 'gemfibrozil', 'hydrochlorothiazide', 'ibuprofen', 'nadolol', 'sulfamethizole', 'sulfamethoxazole']",sulfamethoxazole,3
17,10.1016/j.jpba.2017.08.014,"multi-residue determination of 47 organic compounds in water, soil, sediment and fish—turia river as case study",journal of pharmaceutical and biomedical analysis,2017,53,"['ibuprofen', 'metoprolol', 'paracetamol', 'sulfamethoxazole', 'vildagliptin']",sulfamethoxazole,6
18,10.1016/j.scitotenv.2017.04.002,effects of 18 pharmaceuticals on the physiological diversity of edaphic microorganisms,the science of the total environment,2017,44,"['nadolol', 'sulfamethoxazole', 'tetracycline', 'trimethoprim']",sulfamethoxazole,11
19,10.1016/j.ecoenv.2019.110022,"occurrence and human health risk assessment of pharmaceuticals and personal care products in real agricultural systems with long-term reclaimed wastewater irrigation in beijing, china",ecotoxicology and environmental safety,2019,41,"['sulfamethazine', 'sulfamethoxazole', 'sulfisoxazole', 'triclosan', 'trimethoprim']",sulfamethoxazole,12
20,10.1016/j.scitotenv.2019.136118,a review of the occurrence of selected micropollutants and microorganisms in different raw and treated manure – environmental risk due to antibiotics after application to soil,the science of the total environment,2019,66,"['chlortetracycline', 'enrofloxacin', 'ofloxacin', 'oxytetracycline', 'sulfamethazine', 'tetracycline']",tetracycline,13
21,10.1016/j.scitotenv.2018.11.061,"veterinary pharmaceuticals and antibiotics in manure and slurry and their fate in amended agricultural soils: findings from an experimental field site (baix empordà, ne catalonia)",the science of the total environment,2018,59,"['enrofloxacin', 'ofloxacin', 'tetracycline']",tetracycline,14
22,10.1128/aem.00989-17,novel antibiotic resistance determinants from agricultural soil exposed to antibiotics widely used in human medicine and animal farming,applied and environmental microbiology,2017,50,"['chlortetracycline', 'sulfamethazine', 'tetracycline', 'tylosin']",tetracycline,15
23,10.1016/j.scitotenv.2017.04.002,effects of 18 pharmaceuticals on the physiological diversity of edaphic microorganisms,the science of the total environment,2017,44,"['nadolol', 'sulfamethoxazole', 'tetracycline', 'trimethoprim']",tetracycline,11
24,10.1515/intag-2016-0084,impact of chlortetracycline and sulfapyridine antibiotics on soil enzyme activities,international agrophysics,2017,34,"['chlortetracycline', 'sulfapyridine', 'tetracycline']",tetracycline,16
25,10.1016/j.scitotenv.2017.06.240,fate and impacts of pharmaceuticals and personal care products after repeated applications of organic waste products in long-term field experiments,the science of the total environment,2017,49,"['carbamazepine', 'diclofenac', 'doxycycline', 'ibuprofen', 'triclosan']",triclosan,7
26,10.1016/j.scitotenv.2018.12.145,"carbamazepine, triclocarban and triclosan biodegradation and the phylotypes and functional genes associated with xenobiotic degradation in four agricultural soils",the science of the total environment,2018,44,"['carbamazepine', 'triclocarban', 'triclosan']",triclosan,17
27,10.1016/j.ecoenv.2019.110022,"occurrence and human health risk assessment of pharmaceuticals and personal care products in real agricultural systems with long-term reclaimed wastewater irrigation in beijing, china",ecotoxicology and environmental safety,2019,41,"['sulfamethazine', 'sulfamethoxazole', 'sulfisoxazole', 'triclosan', 'trimethoprim']",triclosan,12
28,10.1016/j.watres.2017.08.041,impact of inoculum sources on biotransformation of pharmaceuticals and personal care products,water research,2017,35,"['diclofenac', 'gabapentin', 'gemfibrozil', 'ibuprofen', 'triclosan']",triclosan,18
29,10.1016/j.scitotenv.2018.09.268,"innovative application of biobed bioremediation systems to remove emerging contaminants: adsorption, degradation and bioaccesibility",the science of the total environment,2018,29,"['diclofenac', 'ibuprofen', 'triclosan']",triclosan,19
30,10.1016/j.scitotenv.2019.135021,"pharmaceuticals, pesticides, personal care products and microplastics contamination assessment of al-hassa irrigation network (saudi arabia) and its shallow lakes",the science of the total environment,2019,75,"['atorvastatin', 'caffeine', 'diazinon', 'diclofenac', 'lorazepam', 'metformin', 'ofloxacin', 'paracetamol', 'salicylic acid', 'tramadol']",ofloxacin,9
31,10.1016/j.scitotenv.2019.136118,a review of the occurrence of selected micropollutants and microorganisms in different raw and treated manure – environmental risk due to antibiotics after application to soil,the science of the total environment,2019,66,"['chlortetracycline', 'enrofloxacin', 'ofloxacin', 'oxytetracycline', 'sulfamethazine', 'tetracycline']",ofloxacin,13
32,10.1016/j.scitotenv.2018.11.061,"veterinary pharmaceuticals and antibiotics in manure and slurry and their fate in amended agricultural soils: findings from an experimental field site (baix empordà, ne catalonia)",the science of the total environment,2018,59,"['enrofloxacin', 'ofloxacin', 'tetracycline']",ofloxacin,14
33,10.1016/j.chemosphere.2017.09.016,natural soil mediated photo fenton-like processes in treatment of pharmaceuticals: batch and continuous approach,chemosphere,2017,28,"['ofloxacin', 'ornidazole']",ofloxacin,20
34,10.1016/j.scitotenv.2019.135825,pharmaceuticals and trace metals in the surface water used for crop irrigation: risk to health or natural attenuation?,the science of the total environment,2019,27,"['acetaminophen', 'carbamazepine', 'ciprofloxacin', 'ibuprofen', 'ofloxacin']",ofloxacin,21
35,10.1016/j.scitotenv.2018.10.224,uptake and accumulation of emerging contaminants in soil and plant treated with wastewater under real-world environmental conditions in the al hayer area (saudi arabia),the science of the total environment,2018,58,"['atenolol', 'caffeine', 'carbamazepine', 'diazinon', 'gemfibrozil', 'ibuprofen', 'naproxen']",naproxen,2
36,10.1016/j.chemosphere.2017.02.027,sorption and desorption of selected non-steroidal anti-inflammatory drugs in an agricultural loam-textured soil,chemosphere,2017,55,"['diclofenac', 'ibuprofen', 'ketoprofen', 'naproxen']",naproxen,5
37,10.1016/j.scitotenv.2018.07.439,spatial distribution of pharmaceuticals in conventional wastewater treatment plant with sludge treatment reed beds technology,the science of the total environment,2018,39,"['diclofenac', 'flurbiprofen', 'ibuprofen', 'naproxen', 'paracetamol']",naproxen,22
38,10.1016/j.scitotenv.2018.11.249,a review of selected microcontaminants and microorganisms in land runoff and tile drainage in treated sludge-amended soils,the science of the total environment,2018,21,"['acetaminophen', 'carbamazepine', 'gemfibrozil', 'ibuprofen', 'naproxen', 'sulfamethoxazole', 'triclocarban', 'triclosan']",naproxen,23
39,10.1016/j.scitotenv.2017.12.243,mobility of pharmaceutical and personal care products in lime amended wastewater biosolids,the science of the total environment,2017,19,"['carbamazepine', 'erythromycin', 'fluoxetine', 'gemfibrozil', 'naproxen', 'triclosan']",naproxen,24
40,10.1016/j.scitotenv.2019.135021,"pharmaceuticals, pesticides, personal care products and microplastics contamination assessment of al-hassa irrigation network (saudi arabia) and its shallow lakes",the science of the total environment,2019,75,"['atorvastatin', 'caffeine', 'diazinon', 'diclofenac', 'lorazepam', 'metformin', 'ofloxacin', 'paracetamol', 'salicylic acid', 'tramadol']",paracetamol,9
41,10.1016/j.jpba.2017.08.014,"multi-residue determination of 47 organic compounds in water, soil, sediment and fish—turia river as case study",journal of pharmaceutical and biomedical analysis,2017,53,"['ibuprofen', 'metoprolol', 'paracetamol', 'sulfamethoxazole', 'vildagliptin']",paracetamol,6
42,10.1016/j.scitotenv.2018.07.439,spatial distribution of pharmaceuticals in conventional wastewater treatment plant with sludge treatment reed beds technology,the science of the total environment,2018,39,"['diclofenac', 'flurbiprofen', 'ibuprofen', 'naproxen', 'paracetamol']",paracetamol,22
43,10.1016/j.scitotenv.2019.03.432,individual and mixture toxicity evaluation of three pharmaceuticals to the germination and growth of lactuca sativa seeds,the science of the total environment,2019,33,"['amoxicillin', 'ibuprofen', 'paracetamol']",paracetamol,25
44,10.1016/j.agee.2018.02.022,uptake and toxicological effects of pharmaceutical active compounds on maize,agriculture ecosystems & environment,2018,24,['paracetamol'],paracetamol,26
45,10.1016/j.scitotenv.2019.135825,pharmaceuticals and trace metals in the surface water used for crop irrigation: risk to health or natural attenuation?,the science of the total environment,2019,27,"['acetaminophen', 'carbamazepine', 'ciprofloxacin', 'ibuprofen', 'ofloxacin']",ciprofloxacin,21
46,10.1016/j.teac.2021.e00125,occurrence of pharmaceuticals and their metabolites in sewage sludge and soil: a review on their distribution and environmental risk assessment,trends in environmental analytical chemistry,2021,27,"['ciprofloxacin', 'estradiol', 'ofloxacin', 'triclocarban', 'triclosan']",ciprofloxacin,27
47,10.1016/j.envres.2019.04.011,"pharmaceuticals, herbicides, and disinfectants in agricultural water sources",environmental research,2019,25,"['azithromycin', 'caffeine', 'ciprofloxacin', 'ofloxacin', 'sulfamethoxazole']",ciprofloxacin,28
48,10.1016/j.geoderma.2020.114498,"occurrence, fate and environmental risk assessment of pharmaceutical compounds in soils amended with organic wastes",geoderma,2020,21,"['carbamazepine', 'ciprofloxacin', 'diclofenac', 'norfloxacin', 'ofloxacin', 'sulfadiazine', 'sulfamethoxazole', 'sulfamethoxypyridazine', 'trimethoprim', 'tylosin']",ciprofloxacin,29
49,10.1007/s11814-016-0345-6,comparative study on degradation of norfloxacin and ciprofloxacin by ganoderma lucidum japc1,korean journal of chemical engineering,2017,19,"['ciprofloxacin', 'norfloxacin', 'ofloxacin']",ciprofloxacin,30
50,10.1016/j.scitotenv.2019.135021,"pharmaceuticals, pesticides, personal care products and microplastics contamination assessment of al-hassa irrigation network (saudi arabia) and its shallow lakes",the science of the total environment,2019,75,"['atorvastatin', 'caffeine', 'diazinon', 'diclofenac', 'lorazepam', 'metformin', 'ofloxacin', 'paracetamol', 'salicylic acid', 'tramadol']",caffeine,9
51,10.1016/j.scitotenv.2018.10.224,uptake and accumulation of emerging contaminants in soil and plant treated with wastewater under real-world environmental conditions in the al hayer area (saudi arabia),the science of the total environment,2018,58,"['atenolol', 'caffeine', 'carbamazepine', 'diazinon', 'gemfibrozil', 'ibuprofen', 'naproxen']",caffeine,2
52,10.1016/j.scitotenv.2018.01.168,impacts of irrigation water sources and geochemical conditions on vertical distribution of pharmaceutical and personal care products (ppcps) in the vadose zone soils,the science of the total environment,2018,51,"['caffeine', 'carbamazepine']",caffeine,4
53,10.1007/s11356-019-06998-8,"occurrence, fate, persistence and remediation of caffeine: a review",environmental science and pollution research,2019,47,['caffeine'],caffeine,31
54,10.1016/j.envpol.2020.116353,pharmaceuticals and personal care products in a mediterranean coastal wetland: impact of anthropogenic and spatial factors and environmental risk assessment,environmental pollution,2020,33,"['caffeine', 'diclofenac', 'furosemide', 'ibuprofen', 'metformin', 'salicylic acid', 'tramadol']",caffeine,32
55,10.1016/j.scitotenv.2017.04.002,effects of 18 pharmaceuticals on the physiological diversity of edaphic microorganisms,the science of the total environment,2017,44,"['nadolol', 'sulfamethoxazole', 'tetracycline', 'trimethoprim']",trimethoprim,11
56,10.1016/j.ecoenv.2019.110022,"occurrence and human health risk assessment of pharmaceuticals and personal care products in real agricultural systems with long-term reclaimed wastewater irrigation in beijing, china",ecotoxicology and environmental safety,2019,41,"['sulfamethazine', 'sulfamethoxazole', 'sulfisoxazole', 'triclosan', 'trimethoprim']",trimethoprim,12
57,10.1016/j.scitotenv.2018.08.053,uptake and bioaccumulation of three widely prescribed pharmaceutically active compounds in tomato fruits and mediated effects on fruit quality attributes,the science of the total environment,2018,25,"['diclofenac', 'sulfamethoxazole', 'trimethoprim']",trimethoprim,33
58,10.1021/acs.jafc.7b04355,uptake and accumulation of pharmaceuticals in overhead- and surface-irrigated greenhouse lettuce,journal of agricultural and food chemistry,2018,25,"['caffeine', 'carbamazepine', 'monensin', 'sulfadiazine', 'sulfamethoxazole', 'trimethoprim', 'tylosin']",trimethoprim,34
59,10.1016/j.scitotenv.2018.05.221,removal of selected pharmaceuticals and personal care products in reclaimed water during simulated managed aquifer recharge,the science of the total environment,2018,21,"['atenolol', 'carbamazepine', 'lincomycin', 'primidone', 'propranolol', 'sulfamethazine', 'trimethoprim']",trimethoprim,35
60,10.1016/j.teac.2021.e00125,occurrence of pharmaceuticals and their metabolites in sewage sludge and soil: a review on their distribution and environmental risk assessment,trends in environmental analytical chemistry,2021,27,"['ciprofloxacin', 'estradiol', 'ofloxacin', 'triclocarban', 'triclosan']",estradiol,27
61,10.1016/j.chemosphere.2019.124515,biosorption of pharmaceutical products by mushroom stem waste,chemosphere,2019,23,"['estradiol', 'paracetamol']",estradiol,36
62,10.1016/j.jhazmat.2020.122852,"impact of biochar amendment on the uptake, fate and bioavailability of pharmaceuticals in soil-radish systems",journal of hazardous materials,2020,17,"['acetaminophen', 'caffeine', 'carbadox', 'carbamazepine', 'estradiol', 'estrone', 'lamotrigine', 'lincomycin', 'oxytetracycline', 'sulfadiazine', 'sulfamethoxazole', 'tetracycline', 'triclosan', 'trimethoprim', 'tylosin']",estradiol,37
63,10.1016/j.scitotenv.2019.133850,prioritizing environmental risks of pharmaceuticals and personal care products in reclaimed water on urban green space in beijing,the science of the total environment,2019,15,"['estradiol', 'medroxyprogesterone', 'medroxyprogesterone acetate', 'megestrol', 'megestrol acetate', 'ofloxacin', 'progesterone', 'roxithromycin', 'sulfamethoxazole']",estradiol,38
64,10.1016/j.cej.2017.05.148,influence of the cell design in the electroremoval of ppcps from soil slurry,chemical engineering journal,2017,12,['estradiol'],estradiol,39
65,10.1016/j.scitotenv.2019.136118,a review of the occurrence of selected micropollutants and microorganisms in different raw and treated manure – environmental risk due to antibiotics after application to soil,the science of the total environment,2019,66,"['chlortetracycline', 'enrofloxacin', 'ofloxacin', 'oxytetracycline', 'sulfamethazine', 'tetracycline']",oxytetracycline,13
66,10.1007/s00216-017-0815-7,a new approach for the extraction of tetracyclines from soil matrices: application of the microwave-extraction technique,analytical and bioanalytical chemistry,2018,17,"['chlortetracycline', 'oxytetracycline', 'tetracycline']",oxytetracycline,40
67,10.1016/j.jhazmat.2020.122852,"impact of biochar amendment on the uptake, fate and bioavailability of pharmaceuticals in soil-radish systems",journal of hazardous materials,2020,17,"['acetaminophen', 'caffeine', 'carbadox', 'carbamazepine', 'estradiol', 'estrone', 'lamotrigine', 'lincomycin', 'oxytetracycline', 'sulfadiazine', 'sulfamethoxazole', 'tetracycline', 'triclosan', 'trimethoprim', 'tylosin']",oxytetracycline,37
68,10.1016/j.biortech.2020.123782,biochar affects the dissipation of antibiotics and abundance of antibiotic resistance genes in pig manure,bioresource technology,2020,16,"['ciprofloxacin', 'florfenicol', 'ofloxacin', 'oxytetracycline', 'sulfamethazine', 'tetracycline']",oxytetracycline,41
69,10.3390/molecules25020249,uv/vis light induced degradation of oxytetracycline hydrochloride mediated by co-tio2 nanoparticles,molecules,2020,15,"['oxytetracycline', 'tetracycline', 'tetracycline hydrochloride']",oxytetracycline,42
70,10.1016/j.scitotenv.2018.10.224,uptake and accumulation of emerging contaminants in soil and plant treated with wastewater under real-world environmental conditions in the al hayer area (saudi arabia),the science of the total environment,2018,58,"['atenolol', 'caffeine', 'carbamazepine', 'diazinon', 'gemfibrozil', 'ibuprofen', 'naproxen']",atenolol,2
71,10.1007/s11356-019-04333-9,"root uptake of atenolol, sulfamethoxazole and carbamazepine, and their transformation in three soils and four plants",environmental science and pollution research,2019,39,"['atenolol', 'carbamazepine', 'sulfamethoxazole']",atenolol,43
72,10.1016/j.scitotenv.2018.04.212,sorption of pharmaceuticals to soil organic matter in a constructed wetland by electrostatic interaction,the science of the total environment,2018,38,"['atenolol', 'carbamazepine', 'ibuprofen']",atenolol,44
73,10.1016/j.ecoenv.2020.110171,"uptake of atenolol, carbamazepine and triclosan by crops irrigated with reclaimed water in a mediterranean scenario",ecotoxicology and environmental safety,2020,26,"['atenolol', 'carbamazepine', 'triclosan']",atenolol,45
74,10.1016/j.scitotenv.2018.05.221,removal of selected pharmaceuticals and personal care products in reclaimed water during simulated managed aquifer recharge,the science of the total environment,2018,21,"['atenolol', 'carbamazepine', 'lincomycin', 'primidone', 'propranolol', 'sulfamethazine', 'trimethoprim']",atenolol,35
75,10.1016/j.scitotenv.2018.10.224,uptake and accumulation of emerging contaminants in soil and plant treated with wastewater under real-world environmental conditions in the al hayer area (saudi arabia),the science of the total environment,2018,58,"['atenolol', 'caffeine', 'carbamazepine', 'diazinon', 'gemfibrozil', 'ibuprofen', 'naproxen']",gemfibrozil,2
76,10.1016/j.scitotenv.2019.02.279,sorption and degradation of contaminants of emerging concern in soils under aerobic and anaerobic conditions,the science of the total environment,2019,53,"['carbamazepine', 'chlorothiazide', 'diclofenac', 'gemfibrozil', 'hydrochlorothiazide', 'ibuprofen', 'nadolol', 'sulfamethizole', 'sulfamethoxazole']",gemfibrozil,3
77,10.1016/j.watres.2017.08.041,impact of inoculum sources on biotransformation of pharmaceuticals and personal care products,water research,2017,35,"['diclofenac', 'gabapentin', 'gemfibrozil', 'ibuprofen', 'triclosan']",gemfibrozil,18
78,10.1016/j.scitotenv.2018.11.249,a review of selected microcontaminants and microorganisms in land runoff and tile drainage in treated sludge-amended soils,the science of the total environment,2018,21,"['acetaminophen', 'carbamazepine', 'gemfibrozil', 'ibuprofen', 'naproxen', 'sulfamethoxazole', 'triclocarban', 'triclosan']",gemfibrozil,23
79,10.1016/j.scitotenv.2017.12.243,mobility of pharmaceutical and personal care products in lime amended wastewater biosolids,the science of the total environment,2017,19,"['carbamazepine', 'erythromycin', 'fluoxetine', 'gemfibrozil', 'naproxen', 'triclosan']",gemfibrozil,24
80,10.1016/j.scitotenv.2018.05.403,"diclofenac, carbamazepine and triclocarban biodegradation in agricultural soils and the microorganisms and metabolic pathways affected",the science of the total environment,2018,64,"['carbamazepine', 'diclofenac', 'triclocarban']",triclocarban,1
81,10.1016/j.scitotenv.2018.12.145,"carbamazepine, triclocarban and triclosan biodegradation and the phylotypes and functional genes associated with xenobiotic degradation in four agricultural soils",the science of the total environment,2018,44,"['carbamazepine', 'triclocarban', 'triclosan']",triclocarban,17
82,10.1016/j.teac.2021.e00125,occurrence of pharmaceuticals and their metabolites in sewage sludge and soil: a review on their distribution and environmental risk assessment,trends in environmental analytical chemistry,2021,27,"['ciprofloxacin', 'estradiol', 'ofloxacin', 'triclocarban', 'triclosan']",triclocarban,27
83,10.1016/j.scitotenv.2018.11.249,a review of selected microcontaminants and microorganisms in land runoff and tile drainage in treated sludge-amended soils,the science of the total environment,2018,21,"['acetaminophen', 'carbamazepine', 'gemfibrozil', 'ibuprofen', 'naproxen', 'sulfamethoxazole', 'triclocarban', 'triclosan']",triclocarban,23
84,10.1016/j.chroma.2018.08.034,multi-residue analysis of chiral and achiral trace organic contaminants in soil by accelerated solvent extraction and enantioselective liquid chromatography tandem–mass spectrometry,journal of chromatography a,2018,18,"['amphetamine', 'atenolol', 'carbamazepine', 'fluoxetine', 'pheniramine', 'propranolol', 'salbutamol', 'triclocarban', 'vancomycin']",triclocarban,46
85,10.1016/j.scitotenv.2018.05.366,analysis of pharmaceutical biodegradation of wwtp sludge using composting and identification of certain microorganisms involved in the process,the science of the total environment,2018,32,"['azithromycin', 'benzylpenicillin', 'citalopram', 'fluconazole', 'fluoxetine', 'ibuprofen', 'irbesartan', 'olanzapine', 'telmisartan', 'venlafaxine']",fluoxetine,47
86,10.1016/j.scitotenv.2017.12.243,mobility of pharmaceutical and personal care products in lime amended wastewater biosolids,the science of the total environment,2017,19,"['carbamazepine', 'erythromycin', 'fluoxetine', 'gemfibrozil', 'naproxen', 'triclosan']",fluoxetine,24
87,10.1021/acs.est.8b05515,effects of binary mixtures and transpiration on accumulation of pharmaceuticals by spinach,environmental science and technology,2019,19,"['amitriptyline ', 'carbamazepine', 'fluoxetine', 'lamotrigine']",fluoxetine,48
88,10.1016/j.chroma.2018.08.034,multi-residue analysis of chiral and achiral trace organic contaminants in soil by accelerated solvent extraction and enantioselective liquid chromatography tandem–mass spectrometry,journal of chromatography a,2018,18,"['amphetamine', 'atenolol', 'carbamazepine', 'fluoxetine', 'pheniramine', 'propranolol', 'salbutamol', 'triclocarban', 'vancomycin']",fluoxetine,46
89,10.1016/j.chemosphere.2020.126403,use of biochar to produce reclaimed water for irrigation use,chemosphere,2020,17,"['caffeine', 'carbamazepine', 'diphenhydramine', 'fluoxetine', 'meprobamate', 'primidone', 'sulfamethoxazole', 'trimethoprim']",fluoxetine,49
90,10.1016/j.scitotenv.2019.135021,"pharmaceuticals, pesticides, personal care products and microplastics contamination assessment of al-hassa irrigation network (saudi arabia) and its shallow lakes",the science of the total environment,2019,75,"['atorvastatin', 'caffeine', 'diazinon', 'diclofenac', 'lorazepam', 'metformin', 'ofloxacin', 'paracetamol', 'salicylic acid', 'tramadol']",salicylic acid,9
91,10.1016/j.envpol.2020.116353,pharmaceuticals and personal care products in a mediterranean coastal wetland: impact of anthropogenic and spatial factors and environmental risk assessment,environmental pollution,2020,33,"['caffeine', 'diclofenac', 'furosemide', 'ibuprofen', 'metformin', 'salicylic acid', 'tramadol']",salicylic acid,32
92,10.3390/molecules23061296,"changes in photosynthetic pigments, total phenolic content, and antioxidant activity of salvia coccinea buc’hoz ex etl. induced by exogenous salicylic acid and soil salinity",molecules,2018,25,['salicylic acid'],salicylic acid,50
93,10.1016/j.plaphy.2019.05.002,"salinity-induced modifications on growth, physiology and 20-hydroxyecdysone levels in brazilian-ginseng [pfaffia glomerata (spreng.) pedersen]",plant physiology and biochemistry,2019,7,['salicylic acid'],salicylic acid,51
94,10.1016/j.scitotenv.2021.152864,"pharmaceutical residues in digested sewage sludge: occurrence, seasonal variation and risk assessment for soil",the science of the total environment,2022,4,"['acetylsalicylic acid', 'atenolol', 'azithromycin', 'clarithromycin', 'doxycycline', 'erythromycin', 'salicylic acid', 'sulfamethoxazole']",salicylic acid,52
95,10.1016/j.scitotenv.2017.12.243,mobility of pharmaceutical and personal care products in lime amended wastewater biosolids,the science of the total environment,2017,19,"['carbamazepine', 'erythromycin', 'fluoxetine', 'gemfibrozil', 'naproxen', 'triclosan']",erythromycin,24
96,10.1016/j.jece.2021.106015,performance improvement of the photocatalytic process for the degradation of pharmaceutical compounds using new pom/polymer photocatalysts,journal of environmental chemical engineering,2021,11,"['ciprofloxacin', 'erythromycin', 'ibuprofen', 'ofloxacin', 'oxytetracycline', 'tetracycline']",erythromycin,53
97,10.1016/j.scitotenv.2020.138296,measuring the occurrence of antibiotics in surface water adjacent to cattle grazing areas using passive samplers,the science of the total environment,2020,9,"['erythromycin', 'lincomycin', 'monensin', 'sulfadiazine', 'sulfadimethoxine', 'sulfamerazine', 'sulfamethoxazole', 'trimethoprim']",erythromycin,54
98,10.1016/j.envpol.2021.116433,analysis and occurrence of macrolide residues in stream sediments and underlying alluvial aquifer downstream from a pharmaceutical plant,environmental pollution,2021,5,"['azithromycin', 'clarithromycin', 'erythromycin']",erythromycin,55
99,10.2134/urbanag2018.12.0005,relating pharmaceuticals and personal care products in biosolids to home exposure,urban agriculture & regional food systems,2019,5,"['acetaminophen', 'azithromycin', 'ciprofloxacin', 'erythromycin', 'fluoxetine', 'ibuprofen', 'ofloxacin', 'sulfamethoxazole', 'triclosan']",erythromycin,56
100,10.1016/j.chemosphere.2017.01.069,toxicity of four veterinary pharmaceuticals on the survival and reproduction of folsomia candida in tropical soils,chemosphere,2017,22,"['closantel', 'ivermectin']",ivermectin,57
101,10.1016/j.geoderma.2018.09.030,"multigenerational exposure of folsomia candida to ivermectin – using avoidance, survival, reproduction, size and cellular markers as endpoints",geoderma,2019,18,['ivermectin'],ivermectin,58
102,10.1080/03601234.2017.1330069,"transport of oxytetracycline, chlortetracycline, and ivermectin in surface runoff from irrigated pasture",journal of environmental science and health part b,2017,6,"['chlortetracycline', 'ivermectin', 'oxytetracycline', 'tetracycline']",ivermectin,59
103,10.1016/j.ecoenv.2019.109489,aerobic dissipation of avermectins and moxidectin in subtropical soils and dissipation of abamectin in a field study,ecotoxicology and environmental safety,2019,3,"['abamectin', 'doramectin', 'eprinomectin', 'ivermectin', 'moxidectin']",ivermectin,60
104,10.1186/s12302-021-00513-y,sorption of selected antiparasitics in soils and sediments,environmental sciences europe,2021,2,"['abamectin', 'doramectin', 'ivermectin', 'moxidectin']",ivermectin,61
105,10.1016/j.scitotenv.2019.136118,a review of the occurrence of selected micropollutants and microorganisms in different raw and treated manure – environmental risk due to antibiotics after application to soil,the science of the total environment,2019,66,"['chlortetracycline', 'enrofloxacin', 'ofloxacin', 'oxytetracycline', 'sulfamethazine', 'tetracycline']",sulfamethazine,13
106,10.1128/aem.00989-17,novel antibiotic resistance determinants from agricultural soil exposed to antibiotics widely used in human medicine and animal farming,applied and environmental microbiology,2017,50,"['chlortetracycline', 'sulfamethazine', 'tetracycline', 'tylosin']",sulfamethazine,15
107,10.1016/j.ecoenv.2019.110022,"occurrence and human health risk assessment of pharmaceuticals and personal care products in real agricultural systems with long-term reclaimed wastewater irrigation in beijing, china",ecotoxicology and environmental safety,2019,41,"['sulfamethazine', 'sulfamethoxazole', 'sulfisoxazole', 'triclosan', 'trimethoprim']",sulfamethazine,12
108,10.1016/j.scitotenv.2018.05.221,removal of selected pharmaceuticals and personal care products in reclaimed water during simulated managed aquifer recharge,the science of the total environment,2018,21,"['atenolol', 'carbamazepine', 'lincomycin', 'primidone', 'propranolol', 'sulfamethazine', 'trimethoprim']",sulfamethazine,35
109,10.1016/j.biortech.2020.123782,biochar affects the dissipation of antibiotics and abundance of antibiotic resistance genes in pig manure,bioresource technology,2020,16,"['ciprofloxacin', 'florfenicol', 'ofloxacin', 'oxytetracycline', 'sulfamethazine', 'tetracycline']",sulfamethazine,41
110,10.1016/j.chemosphere.2017.02.027,sorption and desorption of selected non-steroidal anti-inflammatory drugs in an agricultural loam-textured soil,chemosphere,2017,55,"['diclofenac', 'ibuprofen', 'ketoprofen', 'naproxen']",ketoprofen,5
111,10.1016/j.scitotenv.2017.10.061,seasonal and ageing effect on the behaviour of 86 drugs in a full-scale surface treatment wetland: removal efficiencies and distribution in plants and sediments,the science of the total environment,2017,40,"['bisoprolol', 'ketoprofen']",ketoprofen,62
112,10.1016/j.chroma.2017.05.051,multiclass method for the determination of pharmaceuticals and personal care products in compost from sewage sludge using ultrasound and salt-assisted liquid–liquid extraction followed by ultrahigh performance liquid chromatography-tandem mass spectrometry analysis,journal of chromatography a,2017,21,"['diclofenac', 'ethylparaben', 'flufenamic acid', 'ketoprofen', 'methylparaben']",ketoprofen,63
113,10.1080/09593330.2018.1499810,biodegradation of pharmaceuticals and personal care products in the sequential combination of activated sludge treatment and soil aquifer treatment,environmental technology,2018,17,"['carbamazepine', 'clofibric acid', 'crotamiton', 'gemfibrozil', 'ketoprofen', 'naproxen']",ketoprofen,64
114,10.1007/s11356-020-10868-z,removal efficiency of emerging micropollutants in biofilter wastewater treatment plants in tropical areas,environmental science and pollution research,2020,10,"['acetaminophen', 'atenolol', 'benzoylecgonine', 'caffeine', 'cannabinol', 'ethylparaben', 'furosemide', 'hydroxyibuprofen', 'ibuprofen', 'ketoprofen', 'methylparaben', 'naproxen', 'paracetamol']",ketoprofen,65
115,10.1016/j.jpba.2017.08.014,"multi-residue determination of 47 organic compounds in water, soil, sediment and fish—turia river as case study",journal of pharmaceutical and biomedical analysis,2017,53,"['ibuprofen', 'metoprolol', 'paracetamol', 'sulfamethoxazole', 'vildagliptin']",metoprolol,6
116,10.1016/j.jenvman.2019.109407,soil influences on uptake and transfer of pharmaceuticals from sewage sludge amended soils to spinach,journal of environmental management,2019,29,"['amitriptyline ', 'carbamazepine', 'citalopram', 'metoprolol', 'metoprolol acid', 'miconazole', 'mirtazapine', 'sertraline', 'telmisartan', 'tramadol', 'venlafaxine']",metoprolol,66
117,10.1016/j.chemosphere.2019.124553,investigation of pharmaceutical and personal care product interactions of soil and beets (beta vulgaris l.) under the effect of wastewater reuse,chemosphere,2019,16,"['bisoprolol', 'caffeine', 'clarithromycin', 'metoprolol', 'sulfamethoxazole', 'trimethoprim']",metoprolol,67
118,10.1016/j.chemosphere.2019.124730,tuning down the environmental interests of organoclays for emerging pollutants: pharmaceuticals in presence of electrolytes,chemosphere,2019,13,"['amoxicillin', 'carbamazepine', 'metoprolol', 'norfloxacin', 'sulfamethoxazole', 'trimethoprim']",metoprolol,68
119,10.1016/j.watres.2019.115214,elimination of micropollutants in four test-scale constructed wetlands treating combined sewer overflow: influence of filtration layer height and feeding regime,water research,2019,12,"['carbamazepine', 'diclofenac', 'metoprolol', 'sulfamethoxazole']",metoprolol,69
120,10.1016/j.scitotenv.2018.05.221,removal of selected pharmaceuticals and personal care products in reclaimed water during simulated managed aquifer recharge,the science of the total environment,2018,21,"['atenolol', 'carbamazepine', 'lincomycin', 'primidone', 'propranolol', 'sulfamethazine', 'trimethoprim']",propranolol,35
121,10.1016/j.chroma.2018.08.034,multi-residue analysis of chiral and achiral trace organic contaminants in soil by accelerated solvent extraction and enantioselective liquid chromatography tandem–mass spectrometry,journal of chromatography a,2018,18,"['amphetamine', 'atenolol', 'carbamazepine', 'fluoxetine', 'pheniramine', 'propranolol', 'salbutamol', 'triclocarban', 'vancomycin']",propranolol,46
122,10.1016/j.envpol.2020.114364,enantiospecific behaviour of chiral drugs in soil,environmental pollution,2020,10,"['acebutolol', 'amphetamine', 'atenolol', 'bisoprolol', 'citalopram', 'fluoxetine', 'ibuprofen', 'metoprolol', 'naproxen', 'pheniramine', 'propranolol', 'salbutamol']",propranolol,70
123,10.1039/d1ew00132a,occurrence of pharmaceutical active compounds in sewage sludge from two urban wastewater treatment plants and their potential behaviour in agricultural soils,environmental science water research & technology,2021,8,"['acetaminophen', 'caffeine', 'carbamazepine', 'diclofenac', 'ibuprofen', 'naproxen', 'propranolol', 'sulfamethoxazole', 'sulfapyridine']",propranolol,71
124,10.1016/j.scitotenv.2018.05.118,combining sorption experiments and time of flight secondary ion mass spectrometry (tof-sims) to study the adsorption of propranolol onto environmental solid matrices – influence of copper(ii),the science of the total environment,2018,7,['propranolol'],propranolol,72
125,10.1016/j.scitotenv.2019.136118,a review of the occurrence of selected micropollutants and microorganisms in different raw and treated manure – environmental risk due to antibiotics after application to soil,the science of the total environment,2019,66,"['chlortetracycline', 'enrofloxacin', 'ofloxacin', 'oxytetracycline', 'sulfamethazine', 'tetracycline']",chlortetracycline,13
126,10.1128/aem.00989-17,novel antibiotic resistance determinants from agricultural soil exposed to antibiotics widely used in human medicine and animal farming,applied and environmental microbiology,2017,50,"['chlortetracycline', 'sulfamethazine', 'tetracycline', 'tylosin']",chlortetracycline,15
127,10.1515/intag-2016-0084,impact of chlortetracycline and sulfapyridine antibiotics on soil enzyme activities,international agrophysics,2017,34,"['chlortetracycline', 'sulfapyridine', 'tetracycline']",chlortetracycline,16
128,10.1007/s00216-017-0815-7,a new approach for the extraction of tetracyclines from soil matrices: application of the microwave-extraction technique,analytical and bioanalytical chemistry,2018,17,"['chlortetracycline', 'oxytetracycline', 'tetracycline']",chlortetracycline,40
129,10.2134/jeq2016.04.0152,transformation of sulfonamides and tetracyclines during anaerobic fermentation of liquid manure,journal of environmental quality,2017,13,"['chlortetracycline', 'doxycycline', 'oxytetracycline', 'sulfachloropyridazine', 'sulfadiazine', 'sulfadimethoxine', 'sulfaguanidine', 'sulfamerazine', 'sulfamethazine', 'sulfamethoxazole', 'sulfamethoxypyridazine', 'sulfapyridine', 'sulfathiazole', 'tetracycline']",chlortetracycline,73
130,10.1016/j.jhazmat.2020.122852,"impact of biochar amendment on the uptake, fate and bioavailability of pharmaceuticals in soil-radish systems",journal of hazardous materials,2020,17,"['acetaminophen', 'caffeine', 'carbadox', 'carbamazepine', 'estradiol', 'estrone', 'lamotrigine', 'lincomycin', 'oxytetracycline', 'sulfadiazine', 'sulfamethoxazole', 'tetracycline', 'triclosan', 'trimethoprim', 'tylosin']",estrone,37
131,10.2166/wh.2019.092,presence of emerging contaminants in urban water bodies in southern brazil,journal of water and health,2019,4,"['diclofenac', 'estradiol', 'estriol', 'estrone', 'ethisterone', 'ibuprofen', 'megestrol', 'megestrol acetate', 'paracetamol']",estrone,74
132,10.1016/j.envres.2020.109132,does the application of human waste as a fertilization material in agricultural production pose adverse effects on human health attributable to contaminants of emerging concern?,environmental research,2020,3,"['carbamazepine', 'diclofenac', 'estradiol', 'estrone']",estrone,75
133,10.1021/acs.est.2c00303,characterization of plant accumulation of pharmaceuticals from soils with their concentration in soil pore water,environmental science and technology,2022,0,"['acetaminophen', 'caffeine', 'carbadox', 'carbamazepine', 'estrone', 'lamotrigine', 'lincomycin', 'monensin', 'oxytetracycline', 'sulfadiazine', 'sulfamethoxazole', 'tetracycline', 'triclosan', 'trimethoprim', 'tylosin']",estrone,76
134,10.1016/j.watres.2018.12.039,insight into the distribution of pharmaceuticals in soil-water-plant systems,water research,2018,89,['tylosin'],tylosin,77
135,10.1128/aem.00989-17,novel antibiotic resistance determinants from agricultural soil exposed to antibiotics widely used in human medicine and animal farming,applied and environmental microbiology,2017,50,"['chlortetracycline', 'sulfamethazine', 'tetracycline', 'tylosin']",tylosin,15
136,10.1021/acs.jafc.7b04355,uptake and accumulation of pharmaceuticals in overhead- and surface-irrigated greenhouse lettuce,journal of agricultural and food chemistry,2018,25,"['caffeine', 'carbamazepine', 'monensin', 'sulfadiazine', 'sulfamethoxazole', 'trimethoprim', 'tylosin']",tylosin,34
137,10.1016/j.geoderma.2020.114498,"occurrence, fate and environmental risk assessment of pharmaceutical compounds in soils amended with organic wastes",geoderma,2020,21,"['carbamazepine', 'ciprofloxacin', 'diclofenac', 'norfloxacin', 'ofloxacin', 'sulfadiazine', 'sulfamethoxazole', 'sulfamethoxypyridazine', 'trimethoprim', 'tylosin']",tylosin,29
138,10.1016/j.jhazmat.2020.122852,"impact of biochar amendment on the uptake, fate and bioavailability of pharmaceuticals in soil-radish systems",journal of hazardous materials,2020,17,"['acetaminophen', 'caffeine', 'carbadox', 'carbamazepine', 'estradiol', 'estrone', 'lamotrigine', 'lincomycin', 'oxytetracycline', 'sulfadiazine', 'sulfamethoxazole', 'tetracycline', 'triclosan', 'trimethoprim', 'tylosin']",tylosin,37
139,10.1016/j.scitotenv.2017.10.013,"source estimation of pharmaceuticals based on catchment population and in-stream attenuation in yodo river watershed, japan",the science of the total environment,2017,31,"['acetaminophen', 'caffeine', 'lincomycin', 'sulfamonomethoxine', 'theophylline']",lincomycin,78
140,10.1016/j.scitotenv.2018.05.221,removal of selected pharmaceuticals and personal care products in reclaimed water during simulated managed aquifer recharge,the science of the total environment,2018,21,"['atenolol', 'carbamazepine', 'lincomycin', 'primidone', 'propranolol', 'sulfamethazine', 'trimethoprim']",lincomycin,35
141,10.1016/j.jhazmat.2020.122852,"impact of biochar amendment on the uptake, fate and bioavailability of pharmaceuticals in soil-radish systems",journal of hazardous materials,2020,17,"['acetaminophen', 'caffeine', 'carbadox', 'carbamazepine', 'estradiol', 'estrone', 'lamotrigine', 'lincomycin', 'oxytetracycline', 'sulfadiazine', 'sulfamethoxazole', 'tetracycline', 'triclosan', 'trimethoprim', 'tylosin']",lincomycin,37
142,10.1016/j.envpol.2019.113392,dosage effects of lincomycin mycelial residues on lincomycin resistance genes and soil microbial communities,environmental pollution,2019,14,['lincomycin'],lincomycin,79
143,10.1016/j.scitotenv.2020.138296,measuring the occurrence of antibiotics in surface water adjacent to cattle grazing areas using passive samplers,the science of the total environment,2020,9,"['erythromycin', 'lincomycin', 'monensin', 'sulfadiazine', 'sulfadimethoxine', 'sulfamerazine', 'sulfamethoxazole', 'trimethoprim']",lincomycin,54
144,10.1016/j.geoderma.2020.114498,"occurrence, fate and environmental risk assessment of pharmaceutical compounds in soils amended with organic wastes",geoderma,2020,21,"['carbamazepine', 'ciprofloxacin', 'diclofenac', 'norfloxacin', 'ofloxacin', 'sulfadiazine', 'sulfamethoxazole', 'sulfamethoxypyridazine', 'trimethoprim', 'tylosin']",norfloxacin,29
145,10.1007/s11814-016-0345-6,comparative study on degradation of norfloxacin and ciprofloxacin by ganoderma lucidum japc1,korean journal of chemical engineering,2017,19,"['ciprofloxacin', 'norfloxacin', 'ofloxacin']",norfloxacin,30
146,10.1016/j.etap.2020.103410,"occurrence, sources and risk assessment of fluoroquinolones in dumpsite soil and sewage sludge from chennai, india",environmental toxicology and pharmacology,2020,17,"['ciprofloxacin', 'norfloxacin', 'ofloxacin']",norfloxacin,80
147,10.1007/s11356-018-2840-2,organic contaminants in the effluent of chinese wastewater treatment plants,environmental science and pollution research,2018,16,"['norfloxacin', 'ofloxacin', 'sulfamethoxazole']",norfloxacin,81
148,10.1016/j.chemosphere.2019.124730,tuning down the environmental interests of organoclays for emerging pollutants: pharmaceuticals in presence of electrolytes,chemosphere,2019,13,"['amoxicillin', 'carbamazepine', 'metoprolol', 'norfloxacin', 'sulfamethoxazole', 'trimethoprim']",norfloxacin,68
149,10.1080/09593330.2018.1499810,biodegradation of pharmaceuticals and personal care products in the sequential combination of activated sludge treatment and soil aquifer treatment,environmental technology,2018,17,"['carbamazepine', 'clofibric acid', 'crotamiton', 'gemfibrozil', 'ketoprofen', 'naproxen']",clofibric acid,64
150,10.1177/1178630218795836,"fate, transformation, and toxicological impacts of pharmaceutical and personal care products in surface waters",environmental health insights,2018,16,"['clofibric acid', 'ibuprofen']",clofibric acid,82
151,10.1002/agg2.20022,emerging contaminants uptake by an ultisol and a vertisol from puerto rico,agrosystems geosciences & environment,2020,4,"['caffeine', 'carbamazepine', 'clofibric acid', 'naproxen', 'salicylic acid']",clofibric acid,83
152,10.3390/app9122505,aerobic and anaerobic biological degradation of pharmaceutically active compounds in rice paddy soils,applied sciences,2019,2,"['clofibric acid', 'diclofenac', 'naproxen']",clofibric acid,84
153,10.1016/j.scitotenv.2022.158073,can aged microplastics be transport vectors for organic micropollutants? – sorption and phytotoxicity tests,the science of the total environment,2022,0,"['citalopram', 'clofibric acid', 'diclofenac', 'florfenicol', 'pentachlorophenol', 'tramadol', 'trimethoprim', 'venlafaxine']",clofibric acid,85
154,10.1080/00032719.2017.1295977,mini-review: recent advances in electrochemical determination of sulfonamides,analytical letters,2017,30,['sulfonamide '],sulfonamide ,86
155,10.1002/ldr.2964,antibiotics and microbial resistance in brazilian soils under manure application,land degradation and development,2018,25,['sulfonamide '],sulfonamide ,87
156,10.1007/s11356-017-9079-1,"the treatment of wastewater containing pharmaceuticals in microcosm constructed wetlands: the occurrence of integrons (int1–2) and associated resistance genes (sul1–3, qaceδ1)",environmental science and pollution research,2017,15,"['diclofenac', 'sulfamethoxazole', 'sulfonamide ']",sulfonamide ,88
157,10.2134/jeq2018.06.0233,transport of potential manure hormone and pharmaceutical contaminants through intact soil columns,journal of environmental quality,2019,7,"['flunixin', 'oxytetracycline', 'progesterone', 'sulfadimethoxine', 'sulfonamide ', 'tetracycline', 'triclosan']",sulfonamide ,89
158,10.3390/antibiotics10111361,abundance and dynamic distribution of antibiotic resistance genes in the environment surrounding a veterinary antibiotic manufacturing site,antibiotics,2021,2,['sulfonamide '],sulfonamide ,90
159,10.1016/j.scitotenv.2017.06.240,fate and impacts of pharmaceuticals and personal care products after repeated applications of organic waste products in long-term field experiments,the science of the total environment,2017,49,"['carbamazepine', 'diclofenac', 'doxycycline', 'ibuprofen', 'triclosan']",doxycycline,7
160,10.2134/jeq2016.04.0152,transformation of sulfonamides and tetracyclines during anaerobic fermentation of liquid manure,journal of environmental quality,2017,13,"['chlortetracycline', 'doxycycline', 'oxytetracycline', 'sulfachloropyridazine', 'sulfadiazine', 'sulfadimethoxine', 'sulfaguanidine', 'sulfamerazine', 'sulfamethazine', 'sulfamethoxazole', 'sulfamethoxypyridazine', 'sulfapyridine', 'sulfathiazole', 'tetracycline']",doxycycline,73
161,10.3103/s1063455x1701009x,estimation of residual antibiotics in soil and underground water of areas affected by pharmaceutical wastewater in lahore,journal of water chemistry and technology,2017,9,"['ciprofloxacin', 'doxycycline', 'levofloxacin', 'ofloxacin', 'oxytetracycline', 'tetracycline']",doxycycline,91
162,10.3390/molecules25143114,method validation and investigation of the levels of pharmaceuticals and personal care products in sludge of wastewater treatment plants and soils of irrigated golf course,molecules,2020,5,"['aspirin', 'doxycycline', 'ibuprofen', 'paracetamol']",doxycycline,92
163,10.1016/j.scitotenv.2021.152864,"pharmaceutical residues in digested sewage sludge: occurrence, seasonal variation and risk assessment for soil",the science of the total environment,2022,4,"['acetylsalicylic acid', 'atenolol', 'azithromycin', 'clarithromycin', 'doxycycline', 'erythromycin', 'salicylic acid', 'sulfamethoxazole']",doxycycline,52
164,10.1016/j.chemosphere.2019.124553,investigation of pharmaceutical and personal care product interactions of soil and beets (beta vulgaris l.) under the effect of wastewater reuse,chemosphere,2019,16,"['bisoprolol', 'caffeine', 'clarithromycin', 'metoprolol', 'sulfamethoxazole', 'trimethoprim']",clarithromycin,67
165,10.1016/j.scitotenv.2020.142742,impact of long-term irrigation with municipal reclaimed wastewater on the uptake and degradation of organic contaminants in lettuce and leek,the science of the total environment,2020,10,"['carbamazepine', 'chlorothiazide', 'clarithromycin', 'hydrochlorothiazide', 'metoprolol']",clarithromycin,93
166,10.1016/j.envpol.2021.116433,analysis and occurrence of macrolide residues in stream sediments and underlying alluvial aquifer downstream from a pharmaceutical plant,environmental pollution,2021,5,"['azithromycin', 'clarithromycin', 'erythromycin']",clarithromycin,55
167,10.1016/j.ecoenv.2021.112595,ecotoxicological risk assessment of wastewater irrigation on soil microorganisms: fate and impact of wastewater-borne micropollutants in lettuce-soil system,ecotoxicology and environmental safety,2021,4,"['carbamazepine', 'chlorothiazide', 'citalopram', 'clarithromycin', 'hydrochlorothiazide', 'sulfamethoxazole']",clarithromycin,94
168,10.1007/s10661-022-09754-7,effects of pharmaceuticals on the nitrogen cycle in water and soil: a review,environmental monitoring and assessment,2022,4,"['amoxicillin', 'chlortetracycline', 'ciprofloxacin', 'clarithromycin', 'enrofloxacin', 'erythromycin', 'narasin', 'norfloxacin', 'ofloxacin', 'sulfamethazine', 'tetracycline']",clarithromycin,95
169,10.1021/acs.jafc.7b04355,uptake and accumulation of pharmaceuticals in overhead- and surface-irrigated greenhouse lettuce,journal of agricultural and food chemistry,2018,25,"['caffeine', 'carbamazepine', 'monensin', 'sulfadiazine', 'sulfamethoxazole', 'trimethoprim', 'tylosin']",monensin,34
170,10.1016/j.scitotenv.2020.138296,measuring the occurrence of antibiotics in surface water adjacent to cattle grazing areas using passive samplers,the science of the total environment,2020,9,"['erythromycin', 'lincomycin', 'monensin', 'sulfadiazine', 'sulfadimethoxine', 'sulfamerazine', 'sulfamethoxazole', 'trimethoprim']",monensin,54
171,10.1002/etc.4265,hazard assessment of the veterinary pharmaceuticals monensin and nicarbazin using a soil test battery,environmental toxicology and chemistry,2018,7,"['monensin', 'nicarbazin']",monensin,96
172,10.1021/acs.est.2c00303,characterization of plant accumulation of pharmaceuticals from soils with their concentration in soil pore water,environmental science and technology,2022,0,"['acetaminophen', 'caffeine', 'carbadox', 'carbamazepine', 'estrone', 'lamotrigine', 'lincomycin', 'monensin', 'oxytetracycline', 'sulfadiazine', 'sulfamethoxazole', 'tetracycline', 'triclosan', 'trimethoprim', 'tylosin']",monensin,76
173,10.1016/j.scitotenv.2019.136118,a review of the occurrence of selected micropollutants and microorganisms in different raw and treated manure – environmental risk due to antibiotics after application to soil,the science of the total environment,2019,66,"['chlortetracycline', 'enrofloxacin', 'ofloxacin', 'oxytetracycline', 'sulfamethazine', 'tetracycline']",enrofloxacin,13
174,10.1016/j.scitotenv.2018.11.061,"veterinary pharmaceuticals and antibiotics in manure and slurry and their fate in amended agricultural soils: findings from an experimental field site (baix empordà, ne catalonia)",the science of the total environment,2018,59,"['enrofloxacin', 'ofloxacin', 'tetracycline']",enrofloxacin,14
175,10.1016/j.chemosphere.2020.127266,elucidating the catalytic degradation of enrofloxacin by copper oxide nanoparticles through the identification of the reactive oxygen species,chemosphere,2020,12,"['enrofloxacin', 'ofloxacin']",enrofloxacin,97
176,10.1016/j.scitotenv.2019.01.134,enrofloxacin and copper plant uptake by phragmites australis from a liquid digestate: single versus combined application,the science of the total environment,2019,9,"['enrofloxacin', 'ofloxacin']",enrofloxacin,98
177,10.1016/j.chemosphere.2021.130425,antibiotic residues in substrates and output materials from biogas plants – implications for agriculture,chemosphere,2021,5,"['ciprofloxacin', 'enrofloxacin', 'ofloxacin', 'tetracycline']",enrofloxacin,99
178,10.1016/j.scitotenv.2018.03.100,occurrence and removal of pharmaceutical compounds and steroids at four wastewater treatment plants in hawai'i and their environmental fate,the science of the total environment,2018,28,"['caffeine', 'diphenhydramine', 'ibuprofen', 'sulfamethoxazole']",diphenhydramine,100
179,10.1016/j.chemosphere.2020.126403,use of biochar to produce reclaimed water for irrigation use,chemosphere,2020,17,"['caffeine', 'carbamazepine', 'diphenhydramine', 'fluoxetine', 'meprobamate', 'primidone', 'sulfamethoxazole', 'trimethoprim']",diphenhydramine,49
180,10.1016/j.scitotenv.2020.140698,"trace organic contaminants in field-scale cultivated alfalfa, soil, and pore water after 10 years of irrigation with reclaimed wastewater",the science of the total environment,2020,7,"['caffeine', 'carbamazepine', 'diphenhydramine', 'fluoxetine', 'primidone', 'trimethoprim']",diphenhydramine,101
181,10.1016/j.arabjc.2015.04.016,"investigation of intercalation of diphenhydramine into the interlayer of smectite by xrd, ftir, tg-dtg analyses and molecular simulation",arabian journal of chemistry,2017,4,['diphenhydramine'],diphenhydramine,102
182,10.3390/toxics10040193,co-exposure of nanopolystyrene and other environmental contaminants—their toxic effects on the survival and reproduction of enchytraeus crypticus,toxics,2022,1,['diphenhydramine'],diphenhydramine,103
183,10.1021/acs.jafc.7b04355,uptake and accumulation of pharmaceuticals in overhead- and surface-irrigated greenhouse lettuce,journal of agricultural and food chemistry,2018,25,"['caffeine', 'carbamazepine', 'monensin', 'sulfadiazine', 'sulfamethoxazole', 'trimethoprim', 'tylosin']",sulfadiazine,34
184,10.1016/j.geoderma.2020.114498,"occurrence, fate and environmental risk assessment of pharmaceutical compounds in soils amended with organic wastes",geoderma,2020,21,"['carbamazepine', 'ciprofloxacin', 'diclofenac', 'norfloxacin', 'ofloxacin', 'sulfadiazine', 'sulfamethoxazole', 'sulfamethoxypyridazine', 'trimethoprim', 'tylosin']",sulfadiazine,29
185,10.1016/j.jhazmat.2020.122852,"impact of biochar amendment on the uptake, fate and bioavailability of pharmaceuticals in soil-radish systems",journal of hazardous materials,2020,17,"['acetaminophen', 'caffeine', 'carbadox', 'carbamazepine', 'estradiol', 'estrone', 'lamotrigine', 'lincomycin', 'oxytetracycline', 'sulfadiazine', 'sulfamethoxazole', 'tetracycline', 'triclosan', 'trimethoprim', 'tylosin']",sulfadiazine,37
186,10.2134/jeq2016.04.0152,transformation of sulfonamides and tetracyclines during anaerobic fermentation of liquid manure,journal of environmental quality,2017,13,"['chlortetracycline', 'doxycycline', 'oxytetracycline', 'sulfachloropyridazine', 'sulfadiazine', 'sulfadimethoxine', 'sulfaguanidine', 'sulfamerazine', 'sulfamethazine', 'sulfamethoxazole', 'sulfamethoxypyridazine', 'sulfapyridine', 'sulfathiazole', 'tetracycline']",sulfadiazine,73
187,10.1016/j.scitotenv.2020.138296,measuring the occurrence of antibiotics in surface water adjacent to cattle grazing areas using passive samplers,the science of the total environment,2020,9,"['erythromycin', 'lincomycin', 'monensin', 'sulfadiazine', 'sulfadimethoxine', 'sulfamerazine', 'sulfamethoxazole', 'trimethoprim']",sulfadiazine,54
188,10.1016/j.scitotenv.2018.05.366,analysis of pharmaceutical biodegradation of wwtp sludge using composting and identification of certain microorganisms involved in the process,the science of the total environment,2018,32,"['azithromycin', 'benzylpenicillin', 'citalopram', 'fluconazole', 'fluoxetine', 'ibuprofen', 'irbesartan', 'olanzapine', 'telmisartan', 'venlafaxine']",citalopram,47
189,10.1016/j.jenvman.2019.109407,soil influences on uptake and transfer of pharmaceuticals from sewage sludge amended soils to spinach,journal of environmental management,2019,29,"['amitriptyline ', 'carbamazepine', 'citalopram', 'metoprolol', 'metoprolol acid', 'miconazole', 'mirtazapine', 'sertraline', 'telmisartan', 'tramadol', 'venlafaxine']",citalopram,66
190,10.1016/j.chemosphere.2017.12.098,"sorption of citalopram, irbesartan and fexofenadine in soils: estimation of sorption coefficients from soil properties",chemosphere,2017,23,"['citalopram', 'fexofenadine', 'irbesartan']",citalopram,104
191,10.1016/j.jconhyd.2020.103680,"competitive and synergic sorption of carbamazepine, citalopram, clindamycin, fexofenadine, irbesartan and sulfamethoxazole in seven soils",journal of contaminant hydrology,2020,14,"['carbamazepine', 'citalopram', 'clindamycin', 'fexofenadine', 'irbesartan', 'sulfamethoxazole']",citalopram,105
192,10.1016/j.soilbio.2020.107924,"microbial responses to selected pharmaceuticals in agricultural soils: microcosm study on the roles of soil, treatment and time",soil biology and biochemistry,2020,14,"['citalopram', 'irbesartan', 'sulfamethoxazole']",citalopram,106
193,10.1515/intag-2016-0084,impact of chlortetracycline and sulfapyridine antibiotics on soil enzyme activities,international agrophysics,2017,34,"['chlortetracycline', 'sulfapyridine', 'tetracycline']",sulfapyridine,16
194,10.2134/jeq2016.04.0152,transformation of sulfonamides and tetracyclines during anaerobic fermentation of liquid manure,journal of environmental quality,2017,13,"['chlortetracycline', 'doxycycline', 'oxytetracycline', 'sulfachloropyridazine', 'sulfadiazine', 'sulfadimethoxine', 'sulfaguanidine', 'sulfamerazine', 'sulfamethazine', 'sulfamethoxazole', 'sulfamethoxypyridazine', 'sulfapyridine', 'sulfathiazole', 'tetracycline']",sulfapyridine,73
195,10.1039/d1ew00132a,occurrence of pharmaceutical active compounds in sewage sludge from two urban wastewater treatment plants and their potential behaviour in agricultural soils,environmental science water research & technology,2021,8,"['acetaminophen', 'caffeine', 'carbamazepine', 'diclofenac', 'ibuprofen', 'naproxen', 'propranolol', 'sulfamethoxazole', 'sulfapyridine']",sulfapyridine,71
196,10.3390/w14101560,"pharmaceuticals as emerging pollutants in the reclaimed wastewater used in irrigation and their effects on plants, soils, and groundwater",water,2022,0,"['carbamazepine', 'ceftiofur', 'ciprofloxacin', 'diclofenac', 'erythromycin', 'lincomycin', 'ofloxacin', 'spiramycin', 'sulfamethoxazole', 'sulfapyridine', 'testosterone', 'thiamphenicol', 'trimethoprim']",sulfapyridine,107
197,10.1515/9783110734003-017,removal of the pharmaceutical compounds from wastewater by biochar,nan,2022,0,"['carbamazepine', 'erythromycin', 'sulfapyridine']",sulfapyridine,108
198,10.1021/acs.est.8b05515,effects of binary mixtures and transpiration on accumulation of pharmaceuticals by spinach,environmental science and technology,2019,19,"['amitriptyline ', 'carbamazepine', 'fluoxetine', 'lamotrigine']",lamotrigine,48
199,10.1016/j.jhazmat.2020.122852,"impact of biochar amendment on the uptake, fate and bioavailability of pharmaceuticals in soil-radish systems",journal of hazardous materials,2020,17,"['acetaminophen', 'caffeine', 'carbadox', 'carbamazepine', 'estradiol', 'estrone', 'lamotrigine', 'lincomycin', 'oxytetracycline', 'sulfadiazine', 'sulfamethoxazole', 'tetracycline', 'triclosan', 'trimethoprim', 'tylosin']",lamotrigine,37
200,10.1016/j.envpol.2019.04.057,transformation of lamotrigine by white-rot fungus pleurotus ostreatus,environmental pollution,2019,14,['lamotrigine'],lamotrigine,109
201,10.1016/j.jhazmat.2021.126184,pharmaceuticals in edible crops irrigated with reclaimed wastewater: evidence from a large survey in israel,journal of hazardous materials,2021,13,"['carbamazepine', 'gabapentin', 'lamotrigine']",lamotrigine,110
202,10.1007/s00216-019-01715-3,analysis and fate of 14 relevant wastewater-derived organic pollutants in long-term exposed soil,analytical and bioanalytical chemistry,2019,11,"['acridone', 'carbamazepine', 'diclofenac', 'diltiazem', 'lamotrigine', 'methadone', 'midazolam', 'oxcarbazepine', 'sulfamethoxazole', 'trimethoprim', 'valsartan', 'valsartan acid']",lamotrigine,111
203,10.1016/j.scitotenv.2019.135021,"pharmaceuticals, pesticides, personal care products and microplastics contamination assessment of al-hassa irrigation network (saudi arabia) and its shallow lakes",the science of the total environment,2019,75,"['atorvastatin', 'caffeine', 'diazinon', 'diclofenac', 'lorazepam', 'metformin', 'ofloxacin', 'paracetamol', 'salicylic acid', 'tramadol']",metformin,9
204,10.1016/j.envpol.2020.116353,pharmaceuticals and personal care products in a mediterranean coastal wetland: impact of anthropogenic and spatial factors and environmental risk assessment,environmental pollution,2020,33,"['caffeine', 'diclofenac', 'furosemide', 'ibuprofen', 'metformin', 'salicylic acid', 'tramadol']",metformin,32
205,10.1016/j.chemosphere.2018.10.036,environmental risk assessment of metformin and its transformation product guanylurea. i. environmental fate,chemosphere,2018,20,"['guanylurea', 'metformin']",metformin,112
206,10.1016/j.envint.2021.106835,"pharmaceutical and transformation products during unplanned water reuse: insights into natural attenuation, plant uptake and human health impact under field conditions",environment international,2021,2,"['acetaminophen', 'carbamazepine', 'metamizole', 'metformin', 'sulfamethoxazole', 'valsartan']",metformin,113
207,10.1016/j.envpol.2020.116106,"environmental risk assessment of the anthelmintic albendazole in eastern africa, based on a systematic review",environmental pollution,2020,9,['albendazole'],albendazole,114
208,10.1016/j.actatropica.2017.10.006,quality of anthelminthic medicines available in jimma ethiopia,acta tropica,2017,7,"['albendazole', 'mebendazole', 'praziquantel']",albendazole,115
209,10.1016/s1473-3099(18)30351-7,sustainable access to deworming drugs in a changing landscape,the lancet infectious diseases,2018,7,"['albendazole', 'mebendazole']",albendazole,116
210,10.1016/j.heliyon.2019.e02911,formulation development of chewable albendazole tablets with improved dissolution rate,heliyon,2019,4,['albendazole'],albendazole,117
211,10.1371/journal.pntd.0009038,"quality and composition of albendazole, mebendazole and praziquantel available in burkina faso, côte d’ivoire, ghana and tanzania",plos neglected tropical diseases,2021,3,"['albendazole', 'mebendazole', 'praziquantel']",albendazole,118
212,10.1016/j.scitotenv.2019.03.432,individual and mixture toxicity evaluation of three pharmaceuticals to the germination and growth of lactuca sativa seeds,the science of the total environment,2019,33,"['amoxicillin', 'ibuprofen', 'paracetamol']",amoxicillin,25
213,10.1155/2019/6934507,"occurrence of antibiotics and antibiotic-resistant bacteria in landfill sites in kumasi, ghana",journal of chemistry,2019,25,"['amoxicillin', 'metronidazole', 'ronidazole']",amoxicillin,119
214,10.1007/s40093-018-0202-1,assessing the presence of pharmaceuticals in soil and plants irrigated with treated wastewater in oman,international journal of recycling of organic waste in agriculture,2018,14,"['amoxicillin', 'ibuprofen', 'sulfamethoxazole', 'trimethoprim']",amoxicillin,120
215,10.1016/j.chemosphere.2019.124730,tuning down the environmental interests of organoclays for emerging pollutants: pharmaceuticals in presence of electrolytes,chemosphere,2019,13,"['amoxicillin', 'carbamazepine', 'metoprolol', 'norfloxacin', 'sulfamethoxazole', 'trimethoprim']",amoxicillin,68
216,10.1016/j.chemosphere.2021.132460,assessing the role of polyethylene microplastics as a vector for organic pollutants in soil: ecotoxicological and molecular approaches,chemosphere,2021,9,"['amoxicillin', 'ibuprofen', 'sertraline']",amoxicillin,121
217,10.1155/2019/6934507,"occurrence of antibiotics and antibiotic-resistant bacteria in landfill sites in kumasi, ghana",journal of chemistry,2019,25,"['amoxicillin', 'metronidazole', 'ronidazole']",ronidazole,119
218,10.1007/978-981-15-1812-6_8,microbial degradation of pharmaceuticals and personal care products from wastewater,nan,2020,5,"['metronidazole', 'ronidazole']",ronidazole,122
219,10.3390/ijerph18031159,optimization of a method for extraction and determination of residues of selected antimicrobials in soil and plant samples using hplc-uv-ms/ms,international journal of environmental research and public health,2021,2,"['cefuroxime', 'ciprofloxacin', 'enrofloxacin', 'metronidazole', 'nalidixic acid', 'ofloxacin', 'ronidazole']",ronidazole,123
220,10.1016/j.pharma.2021.10.002,"quality of active pharmaceutical ingredients present on algerian soil: control of impurities of ciprofloxacin, metronidazole and fluconazole",annales pharmaceutiques françaises,2021,0,"['ciprofloxacin', 'fluconazole', 'metronidazole', 'ofloxacin', 'ronidazole']",ronidazole,124
221,10.1007/978-3-030-51210-1_114,the study of biotransformation products and microbiological activity of antibacterial drugs in vivo,environmental science and engineering,2021,0,"['ciprofloxacin', 'metronidazole', 'ofloxacin', 'ronidazole']",ronidazole,125
222,10.1016/j.scitotenv.2018.01.337,"sorption, plant uptake and metabolism of benzodiazepines",the science of the total environment,2018,36,"['chlordiazepoxide', 'clonazepam', 'diazepam', 'oxazepam', 'temazepam']",diazepam,126
223,10.1016/j.ecoenv.2017.12.049,the fate and risk assessment of psychiatric pharmaceuticals from psychiatric hospital effluent,ecotoxicology and environmental safety,2018,34,"['amitriptyline ', 'carbamazepine', 'diazepam', 'lorazepam']",diazepam,127
224,10.3389/fmicb.2021.742000,dynamics of soil microbial communities during diazepam and oxazepam biodegradation in soil flooded by water from a wwtp,frontiers in microbiology,2021,2,"['diazepam', 'oxazepam']",diazepam,128
225,10.1007/s11356-022-22215-5,determination of pharmaceuticals and metabolites in sludge and hydrochar after hydrothermal carbonization using sonication—quechers extraction method and uhplc ltq/orbitrap ms,environmental science and pollution research,2022,0,"['amisulpride', 'bupropion', 'caffeine', 'citalopram', 'clozapine', 'diazepam', 'mirtazapine', 'valsartan']",diazepam,129
226,10.1016/j.scitotenv.2019.135021,"pharmaceuticals, pesticides, personal care products and microplastics contamination assessment of al-hassa irrigation network (saudi arabia) and its shallow lakes",the science of the total environment,2019,75,"['atorvastatin', 'caffeine', 'diazinon', 'diclofenac', 'lorazepam', 'metformin', 'ofloxacin', 'paracetamol', 'salicylic acid', 'tramadol']",tramadol,9
227,10.1016/j.envpol.2020.116353,pharmaceuticals and personal care products in a mediterranean coastal wetland: impact of anthropogenic and spatial factors and environmental risk assessment,environmental pollution,2020,33,"['caffeine', 'diclofenac', 'furosemide', 'ibuprofen', 'metformin', 'salicylic acid', 'tramadol']",tramadol,32
228,10.1016/j.jenvman.2019.109407,soil influences on uptake and transfer of pharmaceuticals from sewage sludge amended soils to spinach,journal of environmental management,2019,29,"['amitriptyline ', 'carbamazepine', 'citalopram', 'metoprolol', 'metoprolol acid', 'miconazole', 'mirtazapine', 'sertraline', 'telmisartan', 'tramadol', 'venlafaxine']",tramadol,66
229,10.1016/j.chemosphere.2019.05.031,leaching behavior of pharmaceuticals and their metabolites in the soil environment,chemosphere,2019,11,"['carbamazepine', 'tramadol']",tramadol,130
230,10.1016/j.jhazmat.2020.124278,pyrolysis of biosolids as an effective tool to reduce the uptake of pharmaceuticals by plants,journal of hazardous materials,2020,7,"['carbamazepine', 'ethenzamide', 'mirtazapine', 'propafenone', 'sertraline', 'tramadol', 'trazodone', 'venlafaxine']",tramadol,131
231,10.1016/j.scitotenv.2018.05.221,removal of selected pharmaceuticals and personal care products in reclaimed water during simulated managed aquifer recharge,the science of the total environment,2018,21,"['atenolol', 'carbamazepine', 'lincomycin', 'primidone', 'propranolol', 'sulfamethazine', 'trimethoprim']",primidone,35
232,10.1016/j.chemosphere.2020.126403,use of biochar to produce reclaimed water for irrigation use,chemosphere,2020,17,"['caffeine', 'carbamazepine', 'diphenhydramine', 'fluoxetine', 'meprobamate', 'primidone', 'sulfamethoxazole', 'trimethoprim']",primidone,49
233,10.1016/j.scitotenv.2020.140698,"trace organic contaminants in field-scale cultivated alfalfa, soil, and pore water after 10 years of irrigation with reclaimed wastewater",the science of the total environment,2020,7,"['caffeine', 'carbamazepine', 'diphenhydramine', 'fluoxetine', 'primidone', 'trimethoprim']",primidone,101
234,10.1039/d1ay00623a,increasing accuracy of field-scale studies to investigate plant uptake and soil dissipation of pharmaceuticals,analytical methods,2021,0,"['acetaminophen', 'amitriptyline ', 'bupropion', 'caffeine', 'carbamazepine', 'erythromycin', 'ibuprofen', 'lamotrigine', 'meprobamate', 'naproxen', 'paroxetine', 'primidone', 'sulfamethoxazole', 'trimethoprim']",primidone,132
235,10.1016/j.cej.2018.08.057,"solar photo-fenton oxidation for the removal of ampicillin, total cultivable and resistant e. coli and ecotoxicity from secondary-treated wastewater effluents",chemical engineering journal,2019,56,['ampicillin'],ampicillin,133
236,10.1016/j.micres.2019.126312,"exploitation of potential bioactive compounds from two soil derived actinomycetes, streptomyces sp. strain 196 and ri.24",microbiological research,2019,14,"['ampicillin', 'chloramphenicol', 'daunorubicin', 'indinavir', 'minocycline']",ampicillin,134
237,10.1016/j.micpath.2020.104106,purification and characterization of seven bioactive compounds from the newly isolated streptomyces cavourensis tn638 strain via solid-state fermentation,microbial pathogenesis,2020,12,"['ampicillin', 'perazine']",ampicillin,135
238,10.1016/j.envres.2021.111240,effective removal of heavy metals from industrial effluent wastewater by a multi metal and drug resistant pseudomonas aeruginosa strain ra-14 using integrated sequencing batch reactor,environmental research,2021,5,"['ampicillin', 'cefotaxime', 'ceftazidime', 'kanamycin', 'nalidixic acid']",ampicillin,136
239,10.1002/jeq2.20398,impacts of the covid‐19 pandemic on pharmaceuticals in wastewater treated for beneficial reuse: two case studies in central pennsylvania,journal of environmental quality,2022,0,"['acetaminophen', 'ampicillin', 'dexamethasone', 'doxycycline', 'hydroxychloroquine', 'naproxen', 'ofloxacin', 'sulfamethoxazole', 'trimethoprim']",ampicillin,137
240,10.1155/2019/6934507,"occurrence of antibiotics and antibiotic-resistant bacteria in landfill sites in kumasi, ghana",journal of chemistry,2019,25,"['amoxicillin', 'metronidazole', 'ronidazole']",metronidazole,119
241,10.1007/978-981-15-1812-6_8,microbial degradation of pharmaceuticals and personal care products from wastewater,nan,2020,5,"['metronidazole', 'ronidazole']",metronidazole,122
242,10.3390/ijerph18031159,optimization of a method for extraction and determination of residues of selected antimicrobials in soil and plant samples using hplc-uv-ms/ms,international journal of environmental research and public health,2021,2,"['cefuroxime', 'ciprofloxacin', 'enrofloxacin', 'metronidazole', 'nalidixic acid', 'ofloxacin', 'ronidazole']",metronidazole,123
243,10.1016/j.pharma.2021.10.002,"quality of active pharmaceutical ingredients present on algerian soil: control of impurities of ciprofloxacin, metronidazole and fluconazole",annales pharmaceutiques françaises,2021,0,"['ciprofloxacin', 'fluconazole', 'metronidazole', 'ofloxacin', 'ronidazole']",metronidazole,124
244,10.1007/978-3-030-51210-1_114,the study of biotransformation products and microbiological activity of antibacterial drugs in vivo,environmental science and engineering,2021,0,"['ciprofloxacin', 'metronidazole', 'ofloxacin', 'ronidazole']",metronidazole,125
